# San Francisco Daycares - Enhanced Auto-discovery via Google Places
# Format: Name | Address
# Generated on: 2026-01-13T07:15:40.246Z
# Total discovered: 673

Sunshine Kids SF Daycare | 8 Seymour St, San Francisco, CA 94115, United States
Little Munchkins | 391 Haight St, San Francisco, CA 94102, United States
Au P'tit Monde de San Francisco | 1100 Divisadero St, San Francisco, CA 94115, United States
Petite Journey French Daycare | 1206 Fulton St, San Francisco, CA 94117, United States
Angel baby Childcare | 78 Haight St Apt 104, San Francisco, CA 94102, United States
Pac Heights Kidz Preschool & Daycare | 2710 Pine St, San Francisco, CA 94115, United States
Petite Explorer Preschool NOPA | 823 Divisadero St, San Francisco, CA 94117, United States
Tuya's Daycare | 2731 Geary Blvd Unit A, San Francisco, CA 94118, United States
UCSF at Laurel Heights Child Development Center | 2675 Geary Blvd #400, San Francisco, CA 94118, United States
Apple Tree School | 888 Folsom St, San Francisco, CA 94107, United States
Little Learners Daycare | 222 Taylor St, San Francisco, CA 94102, United States
Mama Bear Home Daycare | 455 Fell St, San Francisco, CA 94102, United States
Montessori School of San Francisco | 1550 Eddy St # 500, San Francisco, CA 94115, United States
Sandmann Family Day Care | 4023 Cesar Chavez St, San Francisco, CA 94131, United States
Building Kidz of San Francisco | 143 Clement St, San Francisco, CA 94118, United States
El Papalote Family Childcare | 735 O'Farrell St #4, San Francisco, CA 94109, United States
Happy Trails Family Childcare | 690 Long Bridge St, San Francisco, CA 94158, United States
La Creche Daycare | 461 Ashbury St, San Francisco, CA 94117, United States
L’Academy Language Immersion Preschool & Infant Daycare Hayes Valley San Francisco | 42 Waller St, San Francisco, CA 94102, United States
Sky Bear ChildCare | 946 Elizabeth St, San Francisco, CA 94114, United States
Dolphin Stars Childcare | 1331 Harrison St, San Francisco, CA 94103, United States
Angela's Infant Children Center | 775 7th Ave, San Francisco, CA 94118, United States
Mission Montessori | 50 Fell St, San Francisco, CA 94102, United States
Children's Council of San Francisco | 445 Church St, San Francisco, CA 94114, United States
Laurel Hill Nursery School | 401 Euclid Ave, San Francisco, CA 94118, United States
Tiny Steps Daycare San Francisco | 39 Escondido Ave, San Francisco, CA 94132, United States
L’Academy Language Immersion Preschool and Infant Daycare Center | 685 Natoma St, San Francisco, CA 94103, United States
Jovie of San Francisco | 870 Market St Suite 405, San Francisco, CA 94102, United States
Blueside Preschool | 1019 Ashbury St Apt. 1, San Francisco, CA 94117, United States
L'Academy Language Immersion Preschool & Infant Daycare Potrero Hill San Francisco | 200 Kansas St, San Francisco, CA 94103, United States
C5 Children's School | 455 Golden Gate Ave #2400, San Francisco, CA 94102, United States
the Modern PlaySpace Preschool & Daycare | 250 Clara St UNIT 5, San Francisco, CA 94107, United States
Kids Kingdom | 1840 Lombard St, San Francisco, CA 94123, United States
Little Crystal Learning Child Care | 690 Long Bridge St #118, San Francisco, CA 94158, United States
L’Academy Language Immersion Preschool & Infant Daycare Mission/Noe San Francisco | 866 Valencia St, San Francisco, CA 94110, United States
L'Academy Language Immersion Preschool & Infant Daycare Nob Hill San Francisco | 1868 Van Ness Ave, San Francisco, CA 94109, United States
Rainbow Family Childcare | 3834 26th St, San Francisco, CA 94131, United States
L'Academy Language Immersion Preschool & Infant Daycare Lower Nob Hill / CPMC San Francisco | 1040/1060 Geary St, San Francisco, CA 94109, United States
Early Start Preschool & Child Care | 337 5th Ave, San Francisco, CA 94118, United States
Grammy's Day Care | 1225 Steiner St # 517, San Francisco, CA 94115, United States
DiDiDa Academy | 373 5th Ave, San Francisco, CA 94118, United States
Precious Babes Family Childcare | 1611 Powell St, San Francisco, CA 94133, United States
Meaningful Beginnings Development Center | 254 Laguna Honda Blvd, San Francisco, CA 94116, United States
UCSF at Mission Bay Child Development Center | 727 Nelson Rising Ln, San Francisco, CA 94158, United States
Lucy's Family Daycare | 936 S Van Ness Ave #19, San Francisco, CA 94110, United States
Semillitas Family Daycare | 771 Capp St, San Francisco, CA 94110, United States
Tiny Giants | 1748 Clay St, San Francisco, CA 94109, United States
Little Ducklings Daycare | 339 17th Ave, San Francisco, CA 94121, United States
Holy Family Day Home | 299 Dolores St, San Francisco, CA 94103, United States
Little Children's Development Center | 1223 Webster St, San Francisco, CA 94115, United States
Twinkle Star Day Care | 351 Ulloa St, San Francisco, CA 94127, United States
Friends of St Francis Child Cr | 50 Belcher St, San Francisco, CA 94114, United States
Magic Kingdom of Learning | 701 27th Ave, San Francisco, CA 94121, United States
Yerba Buena Gardens Child Development Center | 790 Folsom St, San Francisco, CA 94107, United States
Rainbow Kidz | 187 Gold Mine Dr, San Francisco, CA 94131, United States
Golden Gate Nannies | 575 Ivy St, San Francisco, CA 94102, United States
Sunshine & Smiles Daycare | 1070 Bridgeview, San Francisco, CA 94158, United States
Almaden Daycare | 48 Almaden Ct, San Francisco, CA 94118, United States
Bernal Infant and Child Care | 120 Virginia Ave, San Francisco, CA 94110, United States
BLUEBELL KIDS DAYCARE & PRESCHOOL | 243 Avila St, San Francisco, CA 94123, United States
Pacific Primary School | 1500 Grove St, San Francisco, CA 94117, United States
SLS Preschool | 1335 Sutter St, San Francisco, CA 94109, United States
The International School of San Francisco: Maternelle/Preschool | 1155 Page St, San Francisco, CA 94117, United States
Phoebe Hearst Preschool | 1315 Ellis St, San Francisco, CA 94115, United States
SF Tikes Academy | 1133 S Van Ness Ave, San Francisco, CA 94110, United States
San Francisco Waldorf Preschool | 2938 Washington St, San Francisco, CA 94115, United States
Alta Plaza Preschool | 2140 Pierce St, San Francisco, CA 94115, United States
JCCSF Helen Diller Family Preschool | 3200 California St, San Francisco, CA 94118, United States
L'Academy Language Immersion Preschool & Infant Daycare SOMA San Francisco | 55 Ringold Street, 322 8th St, San Francisco, CA 94103, United States
NOPA Montessori | 2114 Hayes St, San Francisco, CA 94117, United States
Montessori Children's House of the West Coast | 25 Lake St, San Francisco, CA 94118, United States
Haight Ashbury Cooperative Nursery School | 1180 Stanyan St, San Francisco, CA 94117, United States
Tinker Preschool Cole Valley Mandarin Immersion | 1749 Waller St, San Francisco, CA 94117, United States
Teremok Preschool | 2460 Sutter St, San Francisco, CA 94115, United States
Calvary Nursery School | 2515 Fillmore St, San Francisco, CA 94115, United States
Cole Valley Gan Preschool | 1300 Shrader St, San Francisco, CA 94117, United States
Chibi Chan Preschool | 2507 Pine St, San Francisco, CA 94115, United States
Little School | 1520 Lyon St, San Francisco, CA 94115, United States
Little Bee Preschool (Presidio) | 9 Funston Ave, San Francisco, CA 94129, United States
Rocky Mountain Participation Nursery School | 2475 15th St, San Francisco, CA 94114, United States
Lycee Francais de San Francisco | 755 Ashbury St, San Francisco, CA 94117, United States
Tinker Preschool Inc. | 554 Clement St, San Francisco, CA 94118, United States
Little Bee Preschool (Cow Hollow) | 2733 Lombard St, San Francisco, CA 94123, United States
Theresa S. Mahler Early Education School | 990 Church St, San Francisco, CA 94114, United States
One Fifty Parker Ave School | 150 Parker Ave, San Francisco, CA 94118, United States
Buen Dia Family School | 589 Guerrero St, San Francisco, CA 94110, United States
The Russian Hill School | 2026 Divisadero St, San Francisco, CA 94115, United States
Rosenberg Early Childhood Center | 325 Arguello Blvd, San Francisco, CA 94118, United States
Color Me French Preschool LLC | 125 Clement St, San Francisco, CA 94118, United States
Star of the Sea Preschool | 360 9th Ave, San Francisco, CA 94118, United States
Russian Hill Academy | 1520 Pacific Ave, San Francisco, CA 94109, United States
Les Kidz | 475 Panorama Dr, San Francisco, CA 94131, United States
Learning Bridge Preschool | 1050 Kirkham St, San Francisco, CA 94122, United States
Tule Elk Park Child Development Center | 2110 Greenwich St, San Francisco, CA 94123, United States
Studio Montessori | 633 8th St, San Francisco, CA 94103, United States
Peekadoodle Preschool | 4228 Geary Blvd, San Francisco, CA 94118, United States
Les Petits Canards French Immersion Preschool | 2521 McAllister St A, San Francisco, CA 94118, United States
Little Star Preschool Too | 1105 Quintara St, San Francisco, CA 94116, United States
¡HolaKids! Spanish Immersion Preschool | 301 Euclid Ave, San Francisco, CA 94118, United States
Happy Garden Child Care Center | 18 Day St, San Francisco, CA 94110, United States
Mis Amigos Daycare Childcare Services in San Francisco | 314 Cortland Ave, San Francisco, CA 94110, United States
Mission Child Care Consortium, Inc | 4750 Mission St, San Francisco, CA 94112, United States
Chinatown Community Children's Center | 979 Clay St, San Francisco, CA 94108, United States
Child Development Center | 2333 Buchanan St, San Francisco, CA 94115, United States
UCSF at Marilyn Reed Lucia Child Development Center | 610 Parnassus Ave, San Francisco, CA 94122, United States
Golden Childhood Daycare | 33 Colby St, San Francisco, CA 94134, United States
UCSF at Kirkham Child Development Center | 10 Kirkham St, San Francisco, CA 94143, United States
Building Kidz of San Francisco on 20th Ave | 1258 20th Ave, San Francisco, CA 94122, United States
South of Market Child Care | 790 Folsom St, San Francisco, CA 94107, United States
Suen An Child Care (Learn n Play) | 1655 Powell St, San Francisco, CA 94133, United States
Creative Gardens Preschool and Daycare Center | 1429 Valencia St, San Francisco, CA 94110, United States
Panda Garden Family Child Care | 2570 23rd Ave, San Francisco, CA 94116, United States
Huellitas Family Child Care | 2265 Mission St APT 1, San Francisco, CA 94110, United States
Whitney Young Child Development Center | 1101 Masonic Ave, San Francisco, CA 94117, United States
Wu Yee Children's Services - Chinatown Infant Center | 831 Broadway, San Francisco, CA 94133, United States
Modern Education Family Childcare - Mission Bay | will be provided upon tour request, 1180 4th St Unit number, San Francisco, CA 94158, United States
CCFC-Mary Lane Infant And Toddler Center | 1 Webster St, San Francisco, CA 94123, United States
Wu Yee Children's Services - Golden Gate | 177 Golden Gate Ave, San Francisco, CA 94102, United States
Bright Horizons at One Letterman | One Letterman Dr Bldg. B, San Francisco, CA 94129, United States
Shayna's Family Daycare | 1745 Clement St, San Francisco, CA 94121, United States
Angel's Family Home Daycare | 702 Naples St, San Francisco, CA 94112, United States
Gigi’s Family Daycare | 100 Baden St, San Francisco, CA 94131, United States
Smiley Family Daycare | 96 Ney St, San Francisco, CA 94110, United States
Keydin’s Family Daycare | 43 Harrington St, San Francisco, CA 94112, United States
Diana's Family Daycare | 45 Water St, San Francisco, CA 94133, United States
Liliana’s Family Daycare | 2351 41st Ave, San Francisco, CA 94116, United States
Hongs family daycare | 1642 24th Ave, San Francisco, CA 94122, United States
YanDan's family child care (Potrero Hill) | 1601 Mariposa St, San Francisco, CA 94107, United States
Silvia's Family Daycare | 646 Lombard St, San Francisco, CA 94133, United States
Fun With Kooky Family Daycare | 1180 4th St Room 215, San Francisco, CA 94158, United States
Bright Star Family Child Care | 71 Canyon Dr, San Francisco, CA 94112, United States
HappyChild Family Daycare | 730 Paris St, San Francisco, CA 94112, United States
Sweet Home Family Child Care | 900 Silver Ave, San Francisco, CA 94134, United States
Amy’s family child care(China basin) | 701 China Basin St Apt113, San Francisco, CA 94158, United States
SmileyBaby Family Child Care | 475 Hamilton St, San Francisco, CA 94134, United States
Tater Tots Family Daycare | 43 Brighton Ave, San Francisco, CA 94112, United States
Sunny Side Tots Childcare | 329 Silver Ave, San Francisco, CA 94112, United States
Each One Teach One Family Childcare | 141 Wool St, San Francisco, CA 94110, United States
Little cookies family child care | 1368 20th Ave, San Francisco, CA 94122, United States
Little Dinos Family Childcare | 600 Niagara Ave, San Francisco, CA 94112, United States
Jenny's Family Daycare | 95 Granada Ave, San Francisco, CA 94112, United States
Dong Dong's Family Childcare | 1615 Wallace Ave, San Francisco, CA 94124, United States
Our Rainbow Kids Family Childcare | 2566 23rd Ave, San Francisco, CA 94116, United States
Blooming Stars Family Daycare | 222 Beale St, San Francisco, CA 94105, United States
Little Dolphin Day Care | 1822 39th Ave, San Francisco, CA 94122, United States
Golden Sun Family Childcare | 2131 Ortega St, San Francisco, CA 94122, United States
Modern Education Family Childcare - SoMa | hidden for privacy, 821 Folsom St Unit number, San Francisco, CA 94107, United States
Ellie Daycare | 1719 32nd Ave, San Francisco, CA 94122, United States
Little Angels Family Day Care | 1144 Irving St, San Francisco, CA 94122, United States
Winnie Cuties Family Childcare | 345 20th Ave, San Francisco, CA 94121, United States
Little Flowers Family Daycare | 137 Apollo St, San Francisco, CA 94124, United States
Pasitos Gigantes Daycare | 1454 9th Ave Unit A, San Francisco, CA 94122, United States
Noe Valley Family Childcare | 309 30th St, San Francisco, CA 94131, United States
Children's Sunflower House & Garden | 1258 22nd Ave, San Francisco, CA 94122, United States
LGM Family Child Care Home | 3068 Cesar Chavez St, San Francisco, CA 94110, United States
Baby Prodigy Nursery | 5135 Geary Blvd, San Francisco, CA 94118, United States
Claudette's Family Daycare | 1961 Lombard St, San Francisco, CA 94123, United States
Fantasyland By The Park | 1623 Irving St, San Francisco, CA 94122, United States
Love & Learn Nursery School | 1419 Howard St, San Francisco, CA 94103, United States
Noe Valley Nursery School | 5210 Diamond Heights Blvd, San Francisco, CA 94131, United States
Peter's Place Nursery School | 227 Balboa St, San Francisco, CA 94118, United States
Potrero Hill Montessori School | 1701 17th St, San Francisco, CA 94103, United States
Little Earthlings Forest School, LLC | 100 Overlook Dr, San Francisco, CA 94122, United States
Glenridge Cooperative Nursery School | Elk St, San Francisco, CA 94131, United States
Telegraph Hill Cooperative Nursery School | 1401 Broadway, San Francisco, CA 94109, United States
Acorn Nursery School | 1751 11th Ave, San Francisco, CA 94122, United States
Treehouse Pre K | 16 Agua Way, San Francisco, CA 94127, United States
Miraloma Cooperative Nursery School | 443 Foerster St, San Francisco, CA 94127, United States
Spire School by Parks Plus Creation | 4224 California St #107, San Francisco, CA 94118, United States
The Serra Preschool | 7 Funston Ave, San Francisco, CA 94129, United States
Little Angels Nursery School | 610 Cortland Ave, San Francisco, CA 94110, United States
Sunset Coop Nursery School | 4245 Lawton St, San Francisco, CA 94122, United States
Meaningful Beginnings Daycare | 633 Taraval St, San Francisco, CA 94116, United States
Alphabet Kids Day Care | 2428 19th Ave, San Francisco, CA 94116, United States
St Nicholas Day Care-Preschool | 5200 Diamond Heights Blvd, San Francisco, CA 94131, United States
Little Sun Day Care | 1675 Funston Ave, San Francisco, CA 94122, United States
Ella's Second Home | 1354 10th Ave, San Francisco, CA 94122, United States
childcare94133 | 1352 Grant Ave, San Francisco, CA 94133, United States
Mi Cunita de Noe Valley Nursery | 440 29th St, San Francisco, CA 94131, United States
Little Bananas Infant / Toddler School | 2511 45th Ave, San Francisco, CA 94116, United States
Wonderful Children Preschool & Day Care | 15 Whaleship Plz, San Francisco, CA 94111, United States
Little Universe Child Care | 2074 22nd Ave, San Francisco, CA 94116, United States
Sunny Infant and Preschool Center | 3300 Balboa St, San Francisco, CA 94121, United States
Garden Daycare | 935 Quintara St, San Francisco, CA 94116, United States
Little Trailblazers | 50 Fremont St Suite 300, San Francisco, CA 94105, United States
SOMA Daycare and Preschool | 473 Bryant St, San Francisco, CA 94107, United States
Fun Tree Daycare | 1180 4th St, San Francisco, CA 94158, United States
Puddle Jumpers Workshop Daycare Co-op | 3040 22nd St, San Francisco, CA 94110, United States
Tilly's Tots | 601 Diamond St, San Francisco, CA 94114, United States
City Kids Day School | 1424 Vallejo St, San Francisco, CA 94109, United States
McKinley Elementary School | 1025 14th St, San Francisco, CA 94114, United States
San Francisco Schoolhouse | 735 Fell St, San Francisco, CA 94117, United States
John Muir Elementary School | 380 Webster St, San Francisco, CA 94117, United States
San Francisco Friends School | 250 Valencia St, San Francisco, CA 94103, United States
New Traditions Elementary School | 2049 Grove St, San Francisco, CA 94117, United States
San Francisco Day School | 350 Masonic Ave, San Francisco, CA 94118, United States
San Francisco Public Montessori | 2340 Jackson St, San Francisco, CA 94115, United States
San Francisco Waldorf Grade School | 2938 Washington St, San Francisco, CA 94115, United States
Tenderloin Community Elementary School | 627 Turk St, San Francisco, CA 94102, United States
Dr. William Cobb Elementary School | 2725 California St, San Francisco, CA 94115, United States
Presidio Knolls School | 250 10th St, San Francisco, CA 94103, United States
Rosa Parks Elementary School | 1501 O'Farrell St, San Francisco, CA 94115, United States
Mission Dolores Academy | 3371 16th St, San Francisco, CA 94114, United States
Chinese Immersion School at DeAvila Elementary School | 1250 Waller St, San Francisco, CA 94117, United States
Sanchez Elementary School | 325 Sanchez St, San Francisco, CA 94114, United States
John Muir Prekindergarten | 380 Webster St, San Francisco, CA 94117, United States
La Scuola International School | Elementary School Campus | 3250 18th St, San Francisco, CA 94110, United States
KIPP San Francisco Bay Academy | Third Floor, 1430 Scott St, San Francisco, CA 94115, United States
Grattan Elementary School | 165 Grattan St, San Francisco, CA 94117, United States
New School San Francisco | 940 Filbert St, San Francisco, CA 94133, United States
Children's Day School | 333 Dolores St, San Francisco, CA 94110, United States
Katherine Michiels School | 1335 Guerrero St, San Francisco, CA 94110, United States
Raphael Weill Child Development Center | 1501 O'Farrell St, San Francisco, CA 94115, United States
Scandinavian School | 20 Woodside Ave, San Francisco, CA 94127, United States
Ida B Wells High School | 1099 Hayes St, San Francisco, CA 94117, United States
Convent & Stuart Hall | 2222 Broadway, San Francisco, CA 94115, United States
Richmond Academy | 3435 Geary Blvd, San Francisco, CA 94118, United States
Montessori House of Children | 1187 Franklin St, San Francisco, CA 94109, United States
Glen Park Montessori | 647 Chenery St, San Francisco, CA 94131, United States
Bambini Montessori School | 2042 Clement St, San Francisco, CA 94121, United States
The Maria Montessori School Of The Golden Gate Co. | 62 Lenox Way, San Francisco, CA 94127, United States
Big City Montessori School | 240 Industrial St, San Francisco, CA 94124, United States
Creative Montessori Preschool | 3101 Vicente St, San Francisco, CA 94116, United States
Growing Minds Montessori Preschool | 139 Miramar Ave, San Francisco, CA 94112, United States
Montessori Children's Center | 80 Juan Bautista Cir, San Francisco, CA 94132, United States
San Francisco Montessori Academy | 1566 32nd Ave, San Francisco, CA 94122, United States
Provident Montessori | 1601 Mariposa St #115, San Francisco, CA 94107, United States
Cielito Lindo Montessori School | 101 Gold Mine Dr, San Francisco, CA 94131, United States
Montessori Story | 2675 30th Ave, San Francisco, CA 94116, United States
The Dahlia School of San Francisco | 116 Channel St, San Francisco, CA 94158, United States
San Francisco Montessori Academy - 22nd Ave | 1283 22nd Ave, San Francisco, CA 94122, United States
Rainbow Montessori | 2358 24th Ave, San Francisco, CA 94116, United States
Casa dei Bambini School | 2401 Taraval St, San Francisco, CA 94116, United States
The Dahlia School of San Francisco Elementary | 1245 4th St, San Francisco, CA 94158, United States
Petite Explorer Preschool | 722 S Van Ness Ave, San Francisco, CA 94110, United States
Little Forest Explorers, LLC | 900 John F Kennedy Dr, San Francisco, CA 94121, United States
Little Robles in the Sunset | 1319 20th Ave, San Francisco, CA 94122, United States
California Montessori School | 480 San Anselmo Ave N, San Bruno, CA 94066, United States
Mills Montessori School | 1400 Hillside Blvd, South San Francisco, CA 94080, United States
Holistic Seedlings Wonderschool | 255 Fremont St #108a, San Francisco, CA 94105, United States
Playgroup | 1818 Wedemeyer St, San Francisco, CA 94129, United States
Adorable Friends Wonderschool | 502 11th Ave, San Francisco, CA 94118, United States
Wonder Years School | 380 21st Ave, San Francisco, CA 94121, United States
Little Eden | 581 Chenery St, San Francisco, CA 94131, United States
preschool, san francisco, montessori | 1187 Franklin St, San Francisco, CA 94109, United States
The Room To Grow Preschool | 3786 Mission St, San Francisco, CA 94110, United States
The Jaclyn Taylor School | 281 Monterey Blvd, San Francisco, CA 94131, United States
San Francisco Waldorf High School | 470 W Portal Ave, San Francisco, CA 94127, United States
Wise Forest Preschool | San Francisco, CA 94121, United States
Forest Play Preschool | 1009A Fell St, San Francisco, CA 94117, United States
Magic Cottage Preschool | 1427 11th Ave, San Francisco, CA 94122, United States
Little Foot Preschool | 776 Cayuga Ave, San Francisco, CA 94112, United States
Alpha Kids Academy | 175 Junipero Serra Blvd, San Francisco, CA 94127, United States
The Growing Tree School | 1984 Great Hwy, San Francisco, CA 94116, United States
Leaping Learners Preschool | 380 Benton Ave, San Francisco, CA 94110, United States
STEMful - San Francisco | 30 29th St, San Francisco, CA 94110, United States
Banana Fana Preschool | 2701 Folsom St, San Francisco, CA 94110, United States
Amy's Bilingual Family Child Care | 690 Long Bridge St Apt 0124, San Francisco, CA 94158, United States
Amigos De Presidio Heights | 3437 Clay St, San Francisco, CA 94118, United States
Mi Escuelita en Español | 147 Silliman St, San Francisco, CA 94134, United States
Wah Mei School at Kids by the Bay - FiDi | 75 Hawthorne St, San Francisco, CA 94105, United States
Sky Bilingual Daycare | 25th Ave, San Francisco, CA 94116, United States
Fun With Mandarin Preschool and Daycare | 325 Holloway Ave, San Francisco, CA 94112, United States
Explorer Mandarin Immersion | 1457 9th Ave, San Francisco, CA 94122, United States
Aventuras | 2285 Mission St, San Francisco, CA 94110, United States
Centro Primeros Pasos® | 901 Bayshore Blvd, San Francisco, CA 94124, United States
New Journey Mandarin Immersion Preschool - Sunset | 1278A 20th Ave, San Francisco, CA 94122, United States
Moldovan Academy | 1650 Valencia St, San Francisco, CA 94110, United States
Nihonmachi Little Friends | 1830 Sutter St, San Francisco, CA 94115, United States
Fun With Mandarin Preschool and Daycare (Capitol Avenue) | 327 Capitol Ave, San Francisco, CA 94112, United States
Mis Pequeños Angelitos | 1955 San Jose Ave, San Francisco, CA 94112, United States
Mi Casita Azul de Noe Valley Preschool | 442 29th St, San Francisco, CA 94131, United States
Escuelita Bocana | 148 Bocana St, San Francisco, CA 94110, United States
Growing Stem Academy | 610 20th St, San Francisco, CA 94107, United States
Cielito Lindo Spanish Daycare | 31 Ruth St, San Francisco, CA 94112, United States
La Scuola International School | Preschool Campus | 728 20th St, San Francisco, CA 94107, United States
Retoños Schoolhouse Spanish Immersion Preschool | 150 Station Ave, Daly City, CA 94014, United States
Mundo Nuevo Spanish-immersion Wonderschool | 363 Moscow St, San Francisco, CA 94112, United States
Casa Hispana | 12 Gough St 3rd floor, San Francisco, CA 94103, United States
Spanish Immersion Learning | 100 Pine St, San Francisco, CA 94111, United States
Buena Vista Spanish Immersion Summer Camp | 1266 Florida St, San Francisco, CA 94110, United States
Aventuras | 1513 Church St, San Francisco, CA 94131, United States
Banana Fana Preschool Spanish Immersion | Capitol Ave and, Grafton Ave, San Francisco, CA 94112, United States
BRAVO Spanish School | 2225 23rd St UNIT 403, San Francisco, CA 94107, United States
WEEKEND en español | 1133 Webster St #2, San Francisco, CA 94115, United States
Language In Action | 912 Cole St, San Francisco, CA 94117, United States
Bravo Kids (Spanish Immersion Home Preschool) | San Francisco, CA 94110, United States
potrero space mandarin preschool | 824 Carolina St, San Francisco, CA 94107, United States
Star Bridge Mandarin Immersion Preschool and Child Care | 608 Taraval St, San Francisco, CA 94116, United States
New Journey Mandarin Immersion Preschool - Lakeshore | 178 Meadowbrook Dr, San Francisco, CA 94132, United States
Happy Field Mandarin Preschool | 110 Foote Ave, San Francisco, CA 94112, United States
Baby Tree Mandarin Immersion Preschool | 682 Madrid St, San Francisco, CA 94112, United States
New Journey Mandarin Immersion Preschool -Richmond | 3198 Fulton St, San Francisco, CA 94118, United States
San Francisco Chinese Academy Mei Jia Chinese Learning Center | 2578 42nd Avenue &, Vicente St, San Francisco, CA 94116, United States
Just Kids Preschool - Chinese Immersion | 5727 Geary Blvd, San Francisco, CA 94121, United States
Cheerful Mandarin Language School | 1627 Irving St, San Francisco, CA 94122, United States
Potrero Starrs Chinese Learning Center | 344 Connecticut St unit A, San Francisco, CA 94107, United States
Wah Mei School | 1400 Judah St, San Francisco, CA 94122, United States
ExcelMandarin | 345 California St Suite 600, San Francisco, CA 94104, United States
Little Panda Preschool | 205 Granada Ave, San Francisco, CA 94112, United States
Potrero Starr Mandarin School | 1250 Missouri St, San Francisco, CA 94107, United States
Happy Genius Chinese Learning/Mandarin After School and Summer Camp 快乐天才中文学校 | 709 Taraval St, San Francisco, CA 94116, United States
Chinese Cultural Learning Center | 275 6th Ave, San Francisco, CA 94118, United States
St. Anne Chinese School | 1330 14th Ave, San Francisco, CA 94122, United States
Lycee Francais de San Francisco | 1201 Ortega St, San Francisco, CA 94122, United States
Early Learning Chinese Immersion Daycare | 120 Irvington St, Daly City, CA 94014, United States
Amigos De SF | 1020 Sullivan Ave, Daly City, CA 94015, United States
L'Academy Language Immersion Preschool & Infant Daycare Albany | 1089 San Pablo Ave, Albany, CA 94706, United States
Mission Kids | 969 Treat Ave, San Francisco, CA 94110, United States
Embarkadero Social Club | 1766 Mission St, San Francisco, CA 94103, United States
K3 Infant/toddler Daycare | 681 Florida St, San Francisco, CA 94110, United States
Little Tree Preschool | 3161 Mission St, San Francisco, CA 94110, United States
Felton Institute FDC—Family Developmental Center | 2730 Bryant St 1st Floor, San Francisco, CA 94110, United States
Las Americas Children Center | 801 Treat Ave, San Francisco, CA 94110, United States
Diversity Connection Child Care ( Mission Bay) | 102 China Basin St, San Francisco, CA 94158, United States
Little Cherry Daycare | 2828 16th St, San Francisco, CA 94103, United States
Mission Head Start Valencia Gardens | 380 Valencia St, San Francisco, CA 94103, United States
Gwiggles Preschool LLC | 701 China Basin St, San Francisco, CA 94158, United States
Tefani & So Dogcare | 189 13th St, San Francisco, CA 94103, United States
Family School | 3101 Mission St, San Francisco, CA 94110, United States
Zaida T Rodriguez EDC | 421 Bartlett St, San Francisco, CA 94110, United States
Little Lamb's Day Care | 2511 Harrison St, San Francisco, CA 94110, United States
Mission Neighborhood Centers | 362 Capp St, San Francisco, CA 94110, United States
Sapeca Daycare | 54 Potomac St, San Francisco, CA 94117, United States
One In A Million Childcare | 4057 25th St, San Francisco, CA 94114, United States
Little Angels Nursery School | 3001 Castro St, San Francisco, CA 94131, United States
OM School | 3817 18th St, San Francisco, CA 94114, United States
Tinker Preschool | 3800 22nd St, San Francisco, CA 94114, United States
Modern Education Family Childcare - Hayes Valley | 455 Fell St, San Francisco, CA 94102, United States
The Kitty Chateau | 4406 18th St, San Francisco, CA 94114, United States
Noe Valley Dog Daycare | 4162 24th St, San Francisco, CA 94114, United States
Primeros Pasos® Noe | 1270 Sanchez St, San Francisco, CA 94114, United States
Eureka Learning Center | 464 Diamond St, San Francisco, CA 94114, United States
ABEJITAS DAYCARE | 1683 Church St, San Francisco, CA 94131, United States
Saint Philip Preschool | 725 Diamond St, San Francisco, CA 94114, United States
Kiddie Corner | 3825 26th St, San Francisco, CA 94131, United States
Little Worlds Workshop Preschool and Creative Community | 2371 Diamond St, San Francisco, CA 94131, United States
Danna’s Daycare SF | 300 Monterey Blvd, San Francisco, CA 94131, United States
Steve & Kate's Camp - SF Noe Valley | 625 Douglass St, San Francisco, CA 94114, United States
St Paul Littlest Angel Preschool | 221 Valley St # X, San Francisco, CA 94131, United States
Kids Club Preschool | 161 Pixley St, San Francisco, CA 94123, United States
Hungry Caterpillars Early Education Center | 3219a Laguna St, San Francisco, CA 94115, United States
Mommy Time Out #Funcare | 1564 Greenwich St, San Francisco, CA 94123, United States
Hungry Caterpillars Daycare | 1901 Stockton St, San Francisco, CA 94133, United States
Little Gators Pre-School | 3149 Steiner St, San Francisco, CA 94123, United States
Inhes Daycare | 36 Fort Mason 11, San Francisco, CA 94123, United States
Lombard Doggy Daycare | 1488 Lombard St, San Francisco, CA 94123, United States
The Grateful Dog | 1769 Lombard St, San Francisco, CA 94123, United States
Sun Up Daycare | 1838 Pacific Ave, San Francisco, CA 94109, United States
Tiny Giants, Too! | 2163 Filbert St, San Francisco, CA 94123, United States
Ladybug Childcare & Preschool | 1355 Bay St #1, San Francisco, CA 94123, United States
South Beach Daycare | 570 Beale St, San Francisco, CA 94105, United States
Glowbee Daycare | 632 10th Ave apt1, San Francisco, CA 94118, United States
Building Kidz of San Francisco in Pacific Heights | 2426 California St, San Francisco, CA 94115, United States
Rising stars Daycare | 585 27th Ave, San Francisco, CA 94121, United States
Letterman Digital Arts Child Care Center | Bright Horizons Family Solutions, #1 Letterman Drive, Building B, San Francisco, CA 94129, United States
Pacific Heights Prep | 1735 Pacific Ave, San Francisco, CA 94109, United States
Stretch the Imagination | 2509 Bush St, San Francisco, CA 94115, United States
Sunshine Adventures Nob Hill | 1439 Pacific Ave, San Francisco, CA 94109, United States
Kotlyar, Edith Daycare | 1838 Pacific Ave, San Francisco, CA 94109, United States
Flores Daycare | 1045 Laguna St, San Francisco, CA 94115, United States
Wu Yee Children's Services - Westside | 2400 Post St, San Francisco, CA 94115, United States
Sherith Israel Preschool | 2266 California St, San Francisco, CA 94115, United States
Chibi Chan Too | 800 Presidio Ave, San Francisco, CA 94115, United States
Mary's Little Lambs II | 1545 Eddy St #219, San Francisco, CA 94115, United States
Oyunaa's Daycare | 482 19th Ave, San Francisco, CA 94121, United States
Creative Valley Child Care | Geary &, 12th Ave, San Francisco, CA 94118, United States
Little Seeds Childcare | 4355 Anza St, San Francisco, CA 94121, United States
Simply Adorable Daycare | 331 17th Ave, San Francisco, CA 94121, United States
Angelina's Daycare & Preschool | 4635 Cabrillo St, San Francisco, CA 94121, United States
Little Sweet Home Daycare | 471 19th Ave #1, San Francisco, CA 94121, United States
The Avenues KinderCare | 334 28th Ave, San Francisco, CA 94121, United States
Sunshine Adventures Preschool | 4837 Geary Blvd, San Francisco, CA 94118, United States
Dong Dong Day Care | 338 12th Ave, San Francisco, CA 94118, United States
Baby Swan Childcare & Preschool (Mandaria&English/中英) | 6148A California St, San Francisco, CA 94121, United States
Happy Place | 4139-A Anza St, San Francisco, CA 94121, United States
Bright Beginnings Family Child Care | 426 27th Ave, San Francisco, CA 94121, United States
My Little Learning Tree | 2118 Clement St, San Francisco, CA 94121, United States
Busy Little Bees Day Care | 512 8th Ave, San Francisco, CA 94118, United States
Dorothy's Daycare | 858 38th Ave, San Francisco, CA 94121, United States
Fei Fei Daycare | 6038 Geary Blvd, San Francisco, CA 94121, United States
Lion King Preschool | 575 24th Ave, San Francisco, CA 94121, United States
Zaya's daycare | 866 37th Ave, San Francisco, CA 94121, United States
Munchkinland Preschool & Family Daycare | 4710 Cabrillo St, San Francisco, CA 94121, United States
Martha Poppins Childcare & Art Academy | 667 4th Ave, San Francisco, CA 94118, United States
Little Hands SF Wonderschool | 1358 Clement St, San Francisco, CA 94118, United States
Sunset Childcare | 20th Ave, San Francisco, CA 94116, United States
Hands and Hearts Daycare and Preschool | 1301 42nd Ave, San Francisco, CA 94122, United States
Little Treasures Child Care | 233 Lincoln Wy, San Francisco, CA 94122, United States
Lana's Sunset Preschool | 1650 41st Ave, San Francisco, CA 94122, United States
North Star Preschool & Childcare | 1238 22nd Ave, San Francisco, CA 94122, United States
Happy Bear Childcare | 1779 21st Ave, San Francisco, CA 94122, United States
Lincoln Daycare | 1282 40th Ave, San Francisco, CA 94122, United States
Sunset Sprouts Preschool | 1427 11th Ave, San Francisco, CA 94122, United States
MonJardin Home Daycare | 1474 20th Ave, San Francisco, CA 94122, United States
Discovery Land | 1615 38th Ave, San Francisco, CA 94122, United States
Teaching Tots Preschool | 939 Irving St, San Francisco, CA 94122, United States
Lilia Day Care | 4009 Irving St, San Francisco, CA 94122, United States
Building Kidz of San Francisco at Sunset | 2540 Taraval St, San Francisco, CA 94116, United States
My First Steps Daycare | 1586 41st Ave, San Francisco, CA 94122, United States
Sol Daycare | 2034 31st Ave, San Francisco, CA 94116, United States
Kids' Dreams Childcare | 2142 14th Ave, San Francisco, CA 94116, United States
Kids Kollege Preschool and Childcare Center | 3939 Lawton St, San Francisco, CA 94122, United States
Help-U-Grow (HUG) Preschool | 3830 Noriega St, San Francisco, CA 94122, United States
Little Sun Preschool | 321 Judah St, San Francisco, CA 94122, United States
St. Anne Preschool, Junior Pre-K & Pre-K | 1362 14th Ave, San Francisco, CA 94122, United States
Kids Dreams Childcare Daycare | 2142 14th Ave, San Francisco, CA 94116, United States
Galinka Daycare Wonderschool | 2500 38th Ave, San Francisco, CA 94116, United States
Winnie's Baby House | 1901 44th Ave, San Francisco, CA 94116, United States
Little Angels Japanese Preschool | 2545 Judah St, San Francisco, CA 94122, United States
Happy Childhood | 2268 17th Ave, San Francisco, CA 94116, United States
Step By Step Child Care and Preschool | 2490 18th Ave, San Francisco, CA 94116, United States
Transbay Child Development Center | 220 Beale St, San Francisco, CA 94105, United States
South of Market Family Resource Center | 790 Folsom St, San Francisco, CA 94107, United States
les petits anges daycare | 474 Natoma St #905, San Francisco, CA 94103, United States
Kids by the Bay - Civic Center | San Francisco Federal Building, 90 7th St, San Francisco, CA 94103, United States
Bright Horizons | 555 California St #6, San Francisco, CA 94104, United States
Compass Children's Center | 144 Leavenworth St, San Francisco, CA 94102, United States
Growing Zone Child Care | 150 Berry St #216, San Francisco, CA 94107, United States
C5 Children’s School - Under 2 | 525 Golden Gate Ave, San Francisco, CA 94102, United States
Sweet Peas Too | 2730 17th St, San Francisco, CA 94110, United States
Tung Lok Early Childhood Learning Center | 75 Vallejo St, San Francisco, CA 94111, United States
Kids by the Bay - Financial District | 75 Hawthorne St, San Francisco, CA 94105, United States
Seabird Preschool | 9 Pelton Place, San Francisco, CA 94133, United States
Children First Inc | 555 California St, San Francisco, CA 94104, United States
California Child Care Resource & Referral Network | 1 Polk St 2nd Floor, San Francisco, CA 94102, United States
Pumpkin's Corner | 333 Harrison St apt 500, San Francisco, CA 94105, United States
GLIDE Family Youth & Childcare Center | 434 Ellis St, San Francisco, CA 94102, United States
Chinatown Community Children's Center North Beach | 715 Chestnut St, San Francisco, CA 94133, United States
Laura Vicuña Pre-Kindergarten | 620 Filbert St, San Francisco, CA 94133, United States
Fuller House Childcare | Harrison St #94105, San Francisco, CA 94105, United States
Little Planet Daycare | 131 Jasper Pl, San Francisco, CA 94133, United States
Tracy's Child care | 701 China Basin St apt 105, San Francisco, CA 94158, United States
North Beach Kids | 724 Lombard St, San Francisco, CA 94133, United States
Kai Ming Head Start North Beach Center | 1170 Columbus Ave, San Francisco, CA 94133, United States
Preschool | 1945 Stockton St, San Francisco, CA 94133, United States
Telegraph Hill Neighborhood (TEL HI) | 660 Lombard St, San Francisco, CA 94133, United States
Wu Yee Children's Services - Generations | 1010 Montgomery St, San Francisco, CA 94133, United States
TEL HI Neighborhood Center | 188 Pierpoint Ln, San Francisco, CA 94158, United States
Kai Ming Head Start - TKL Center | 950 Powell St, San Francisco, CA 94108, United States
Kai Ming Head Start Broadway Center | 820 Battery St, San Francisco, CA 94133, United States
Wu Yee Children's Services - Lok Yuen CDC & Joy Lok FRC | 888 Clay St, San Francisco, CA 94108, United States
Chinatown Child Development Center | 720 Sacramento St, San Francisco, CA 94108, United States
Kai Ming Head Start - Rainbow Center | 799 Pacific Ave, San Francisco, CA 94133, United States
Chinatown Community Development Center | 615 Grant Ave, San Francisco, CA 94108, United States
Kai Ming Head Start Main Office | 934 Howard St, San Francisco, CA 94103, United States
Little LYNC Preschool and Family Center | 501 Connecticut St, San Francisco, CA 94107, United States
Friends of Potrero Hill Nursery School | 1060A Tennessee St, San Francisco, CA 94107, United States
Potrero Kids | 810 Illinois St, San Francisco, CA 94107, United States
Jessica Alves Daycare | 2318 22nd St, San Francisco, CA 94110, United States
Potrero Kids at Daniel Webster (PKDW) Preschool | 465 Missouri St, San Francisco, CA 94107, United States
Mariposa Kids | 1368 Potrero Ave, San Francisco, CA 94110, United States
Good Samaritan Family Resource Center | 1294 Potrero Ave, San Francisco, CA 94110, United States
Pikaboo Family Day Care Home | 701 China Basin St #347, San Francisco, CA 94158, United States
Steve & Kate's Camp - Potrero Hill | 1555 Mariposa St, San Francisco, CA 94107, United States
Kai Ming PMsquare Children's Center | 671 China Basin St, San Francisco, CA 94158, United States
FACES SF | 1101 Masonic Ave, San Francisco, CA 94117, United States
Our Victorian Playhouse, LLC | 1634 Fell St, San Francisco, CA 94117, United States
Mellow Haight | 1401 Haight St, San Francisco, CA 94117, United States
SF Childcare, LLC | 121 Grattan St, San Francisco, CA 94117, United States
Ana's Daycare | Ogden Ave, San Francisco, CA 94110, United States
Caterpillars a Mariposas Daycare | 331 Ellsworth St, San Francisco, CA 94110, United States
Mis Amigos Daycare Lower Bernal Heights San Francisco | 310 Richland Ave A, San Francisco, CA 94110, United States
Rainbow's World Family Child Care | 19 30th St, San Francisco, CA 94110, United States
Gloria's Day Care | 310 Crescent Ave, San Francisco, CA 94110, United States
Brilliant Kids Child Care & Preschool | 445 Amazon Ave, 506 Silver Ave, San Francisco, CA 94112, United States
Sweet Peas West | 1647 Valencia St, San Francisco, CA 94110, United States
Sunshine Preschool Center | 650 Andover St, San Francisco, CA 94110, United States
Arc en Ciel | 312 Highland Ave, San Francisco, CA 94110, United States
Modern Education Family Childcare - Portola | 550 Sweeny St, San Francisco, CA 94134, United States
Mission Possible Preschool/Family Child Care | Banks Street @, Crescent Ave, San Francisco, CA 94110, United States
Carol's daycare | 628 Silver Ave, San Francisco, CA 94134, United States
小蜜树托兒 | 124 Goettingen St, San Francisco, CA 94134, United States
Bernal Babies | 421 Precita Ave, San Francisco, CA 94110, United States
Family Connections Centers • Portola | 2565 San Bruno Ave, San Francisco, CA 94134, United States
Lone Mountain Children's Center | 1806 Belles St, San Francisco, CA 94129, United States
Cypress School of San Francisco (formerly known as Cow Hollow School) | 387 Moraga Ave, San Francisco, CA 94129, United States
Institute on Aging - Enrichment Center in the Presidio | 386 Moraga Ave, San Francisco, CA 94129, United States
Gates & Bridges Preschool | 1603 10th Ave, San Francisco, CA 94122, United States
Kangaroos Preschool-Glen Park | 298 Monterey Blvd, San Francisco, CA 94131, United States
Wisely Child Care | 82 Los Palmos Dr, San Francisco, CA 94127, United States
The Little Scholars Academy Preschool | 416A Bosworth St, San Francisco, CA 94112, United States
Bee Kind Day Care | 701 Rockdale Dr, San Francisco, CA 94127, United States
Nana's Place Daycare | 391 Monterey Blvd, San Francisco, CA 94131, United States
Wind In the Willows Learning | 713 Monterey Blvd, San Francisco, CA 94127, United States
Fun Flower Daycare | 134 Milton St, San Francisco, CA 94112, United States
JK Little Bunnies Daycare | 72 Harrington St, San Francisco, CA 94112, United States
Daphne home daycare | 72 Coventry Ct, San Francisco, CA 94127, United States
Glen Park School | 151 Lippard Ave, San Francisco, CA 94131, United States
Little Leaf Daycare | 384 San Benito Wy, San Francisco, CA 94127, United States
Little Sunshine Childcare | 308 Jules Ave, San Francisco, CA 94112, United States
Tammy's Childcare | 1911 San Jose Ave, San Francisco, CA 94112, United States
Jeanne Day Care | 29 Castle Manor Ave, San Francisco, CA 94112, United States
Tiny Dreamers Daycare | 743 Excelsior Ave, San Francisco, CA 94112, United States
Kiddos Kingdom Daycare | 724 Avalon Ave, San Francisco, CA 94112, United States
Gisele's DayCare | 282 Lisbon St, San Francisco, CA 94112, United States
Little Steps-Pasitos | 393 Paris St, San Francisco, CA 94112, United States
Lucias daycare | 30 Francis St, San Francisco, CA 94112, United States
Little Star Daycare | 222 Athens St, San Francisco, CA 94112, United States
Bin bin daycare | 200 Brazil Ave, San Francisco, CA 94112, United States
Family Connections Centers • Excelsior | 5016 Mission St, San Francisco, CA 94112, United States
Little Tigers Day Care | 4945 Mission St, San Francisco, CA 94112, United States
Small Blessing's Daycare | 290 Malosi St, San Francisco, CA 94134, United States
Manitas Exploradoras Daycare | moscow and Brazil, 925 Brazil Ave, San Francisco, CA 94112, United States
Lily's family Child Care/Daycare | 642 Naples St, San Francisco, CA 94112, United States
Happy Tots SF Day Care | 406 College Ave, San Francisco, CA 94112, United States
Smart Panda Daycare | 285 London St #1, San Francisco, CA 94112, United States
Little Elephant Daycare | 461 Goettingen St, San Francisco, CA 94134, United States
Lisa's Little Garden Family Day Care | 932 Madrid St, San Francisco, CA 94112, United States
Sunflower Family Daycare | 2332 Alemany Blvd, San Francisco, CA 94112, United States
Sanchez Daycare | 754 London St, San Francisco, CA 94112, United States
Ana Gonzalez Daycare | 705 Naples St, San Francisco, CA 94112, United States
Arboleda Escuela | 265 Gambier St, San Francisco, CA 94134, United States
Bobee Daycare | 706 London St, San Francisco, CA 94112, United States
Luz Family Child Care | 267 Naples St, San Francisco, CA 94112, United States
Wu Yee Children’s Services - Bayview | 1601 Lane St, San Francisco, CA 94124, United States
Wu Yee's Bayview Children's Hub | 4900 3rd St, San Francisco, CA 94124, United States
Raiana Daycare | Quesada Ave, San Francisco, CA 94124, United States
Little Hands Daycare | 1523 La Salle Ave, San Francisco, CA 94124, United States
Frandelja Enrichment Center | 901 Fairfax Ave Unit B, San Francisco, CA 94124, United States
Angel Childcare For Infants | 1591 Hudson Ave, San Francisco, CA 94124, United States
Little Stars Daycare | 1050 Girard St, San Francisco, CA 94134, United States
Winnie Ha Family Childcare | 140 Scotia Ave, San Francisco, CA 94124, United States
Ideal Daycare | 1523 La Salle Ave, San Francisco, CA 94124, United States
King's Castle Childcare | 1465 La Salle Ave, San Francisco, CA 94124, United States
FACES SF | 100 Whitney Young Cir, San Francisco, CA 94124, United States
Little Sprouts Day Care and Education Center | 1452 Shafter Ave, San Francisco, CA 94124, United States
Delias Little Angels | 1457 Revere Ave, San Francisco, CA 94124, United States
My Little Sunshine Child Care | 261 Goettingen St, San Francisco, CA 94134, United States
Wu Yee Children's Services - Southeast | 1550 Evans Ave, San Francisco, CA 94124, United States
Childs Time Child Development Center | 3061 San Bruno Ave, San Francisco, CA 94134, United States
Bayview Hunters Point Adult Day Health Center | 1250 La Salle Ave, San Francisco, CA 94124, United States
Sunshine Child Care | 100 Arleta Ave, San Francisco, CA 94134, United States
Rise Up Childcare And Preschool | 306 Teddy Ave, San Francisco, CA 94134, United States
Joyce’s Family daycare | Joyce’s Family daycare, 644 Thornton Ave, San Francisco, CA 94124, United States
Bayshore Child Care Services | 45 Midway Dr, Daly City, CA 94014, United States
Sophie's Daycare | 986 Hollister Ave, San Francisco, CA 94124, United States
Little Bits Childcare | 140 Maddux Ave, San Francisco, CA 94124, United States
Creative Beginnings | 1741 Revere Ave, San Francisco, CA 94124, United States
The Golden Generation Daycare and Preschool (Day Care Child Care Childcare) | 1006 Hollister Ave Unit A, San Francisco, CA 94124, United States
Jen's Daycare | Teddy Ave, San Francisco, CA 94134, United States
Family Connections • Visitacion Valley | floor (early childhood classes, 1099 Sunnydale Ave 2nd floor (office), 3rd, San Francisco, CA 94134, United States
Wu Yee Children's Services - New Generation | 700 Velasco Ave, San Francisco, CA 94134, United States
1st Place 2 Start | 1252 Sunnydale Ave, San Francisco, CA 94134, United States
Alfa Da Childcare | 1316 Sunnydale Ave, San Francisco, CA 94134, United States
Lady Bug Daycare | 52 Carrizal St, San Francisco, CA 94134, United States
La casita de nana | 1545 Visitacion Ave, San Francisco, CA 94134, United States
Daycare dulces sonrisas | 40 Rutland St apt A, San Francisco, CA 94134, United States
Little Strawberry Day Care | 165 Ashton Ave, San Francisco, CA 94112, United States
Sunshine Child Care | 26 Moneta Way, San Francisco, CA 94112, United States
Buddy Bridge Child Care | Oriente St, Daly City, CA 94014, United States
Zhenzhen Family Childcare | 29 Campbell Ave, San Francisco, CA 94134, United States
Banana Boat Family Daycare | 141 Loehr St, San Francisco, CA 94134, United States
Visitacion Valley Community Center | 50 Raymond Ave, San Francisco, CA 94134, United States
Early Childhood Education Center | 100 State Dr, San Francisco, CA 94132, United States
Jefferson Early Education School | 1350 25th Ave, San Francisco, CA 94122, United States
San Miguel Early Education School | 300 Seneca Ave, San Francisco, CA 94112, United States
Noriega Early Education School | 1775 44th Ave, San Francisco, CA 94122, United States
Hearts & Minds Preschool | 880 Urbano Dr, San Francisco, CA 94127, United States
SFUSD Special Education Services (Early Childhood) | 1520 Oakdale Ave, San Francisco, CA 94124, United States
Child Development Center | San Francisco, CA 94102, United States
San Francisco Early Learning Alliance | 201 Filbert St, San Francisco, CA 94133, United States
Early Learning Academy | 398 F St, Colma, CA 94014, United States
Argonne Pre K | 750 16th Ave, San Francisco, CA 94118, United States
Felton Institute SLC—Solmar Learning Center | 199 Shotwell St, San Francisco, CA 94103, United States
Child Development Center | John Adams, Child Development Center, San Francisco, CA 94117, USA
Lindamood-Bell San Francisco Learning Center | 1610 Union St, San Francisco, CA 94123, United States
Alpha Kids Academy | 300 Stonecrest Dr, San Francisco, CA 94132, United States
San Francisco Kids Academy | 1234 Divisadero St, San Francisco, CA 94115, United States
After School Enrichment Program | 50 Scott St, San Francisco, CA 94117, United States
HOKALI - After School & Camps | 3600 21st St Unit 405, San Francisco, CA 94114, United States
Boys & Girls Club of San Francisco - Gateway Middle School Club | 1512 Golden Gate Ave, San Francisco, CA 94115, United States
Mariposa Kids | 3361 Mission St, San Francisco, CA 94110, United States
HOKALI - After School & Camps | 1731 15th St unit 303, San Francisco, CA 94103, United States
TNDC Tenderloin After-School Program (TASP) | 225 Eddy St, San Francisco, CA 94102, United States
GASP Grattan Aftr School Program | 165 Grattan St, San Francisco, CA 94117, United States
HOKALI - After School & Camps | 10 San Carlos St, San Francisco, CA 94110, United States
Children's After School Arts | 443 Burnett Ave, San Francisco, CA 94131, United States
Boys & Girls Club of San Francisco - Gateway High School Club | 1430 Scott St, San Francisco, CA 94115, United States
Celsius and Beyond | 140 Balboa St, San Francisco, CA 94118, United States
Maker Studio Kids | 600a Octavia Blvd, San Francisco, CA 94102, United States
HOKALI - After School & Camps | 4148 25th St, San Francisco, CA 94114, United States
Dia Del Orgullo | San Francisco, CA 94102, United States
PACE Academic After School Program | 3010 Noriega St, San Francisco, CA 94122, United States
Up On Top | 1187 Franklin St, San Francisco, CA 94109, United States
MTW | 50 Scott St, San Francisco, CA 94117, United States
Steve & Kate's Camp - San Francisco - Cathedral Hill | 888 Turk St, San Francisco, CA 94102, United States
Boys & Girls Club of San Francisco - Mission Preparatory School Club | 1050 York St, San Francisco, CA 94110, United States
Our Nurturing Village LLC | 701 China Basin St, San Francisco, CA 94158, United States
Stella Maris Academy | 360 9th Ave, San Francisco, CA 94118, United States
Saint Brigid Academy | 2250 Franklin St, San Francisco, CA 94109, United States
St. Philip Catholic School | 665 Elizabeth St, San Francisco, CA 94114, United States
De Marillac Academy | 175 Golden Gate Ave, San Francisco, CA 94102, United States
Saint Anthony Immaculate Conception Catholic School | 299 Precita Ave, San Francisco, CA 94110, United States
Holy Name School | 1560 40th Ave, San Francisco, CA 94122, United States
Saint Vincent De Paul School | 2350 Green St, San Francisco, CA 94123, United States
Sacred Heart Cathedral Preparatory | 1055 Ellis St, San Francisco, CA 94109, United States
Saint Cecilia School | 660 Vicente St, San Francisco, CA 94116, United States
St. Paul's Parish & Schools | 1690 Church St, San Francisco, CA 94131, United States
St Peter's Parish School | 1266 Florida St, San Francisco, CA 94110, United States
St. Anne School | 1320 14th Ave, San Francisco, CA 94122, United States
Saints Peter and Paul School | 660 Filbert St, San Francisco, CA 94133, United States
St. Thomas the Apostle Preschool and Pre-K Learning Center | 710 40th Ave, San Francisco, CA 94121, United States
St. James School | 321 Fair Oaks St, San Francisco, CA 94110, United States
St. Brendan Parish School | 940 Laguna Honda Blvd, San Francisco, CA 94127, United States
St. Monica School | 5950 Geary Blvd, San Francisco, CA 94121, United States
St. FinnBarr Catholic School | 419 Hearst Ave, San Francisco, CA 94112, United States
St. John Catholic School | 925 Chenery St, San Francisco, CA 94131, United States
Sisters of Perpetual Adoration | 771 Ashbury St, San Francisco, CA 94117, United States
St Thomas More Catholic School | 50 Thomas More Way, San Francisco, CA 94132, United States
St Stephen's Catholic School | 401 Eucalyptus Dr, San Francisco, CA 94132, United States
ICA Cristo Rey Academy | 3625 24th Street | Gym located at, 315 Fair Oaks St, San Francisco, CA 94110, United States
St. Dominic's Catholic Church | 2390 Bush St, San Francisco, CA 94115, United States
St Gabriel Catholic Elementary School | 2550 41st Ave, San Francisco, CA 94116, United States
Cathedral School for Boys: Private School in San Francisco | 1275 Sacramento St, San Francisco, CA 94108, United States
Star of the Sea Church | 4420 Geary Blvd, San Francisco, CA 94118, United States
All Souls Catholic School | 479 Miller Ave, South San Francisco, CA 94080, United States
Saint Philip the Apostle Church | 725 Diamond St, San Francisco, CA 94114, United States
School of the Epiphany | 600 Italy Ave, San Francisco, CA 94112, United States
Our Lady Of The Visitacion School | 785 Sunnydale Ave, San Francisco, CA 94134, United States
Our Lady of Perpetual Help School | 80 Wellington Ave, Daly City, CA 94014, United States
Our Lady of Mercy Catholic School | 7 Elmwood Dr, Daly City, CA 94015, United States
Archdiocese of San Francisco | 1 Peter Yorke Way, San Francisco, CA 94109, United States
St Paul's Catholic Church | 221 Valley St, San Francisco, CA 94131, United States
St. Ignatius | 2001 37th Ave, San Francisco, CA 94116, United States
Treasure Island Preschool | Catholic Charities | 850 Avenue D, San Francisco, CA 94130, United States
Holy Angels Catholic School | 20 Reiner St, Colma, CA 94014, United States
Donum Dei Classical Academy | 1560 Treat Ave, San Francisco, CA 94110, United States
Shalom School | 862 28th Ave, San Francisco, CA 94121, United States
Jewish Community Center of San Francisco | 3200 California St, San Francisco, CA 94118, United States
Brotherhood Way Preschool | 655 Brotherhood Way, San Francisco, CA 94132, United States
Congregation Emanu-El | 2 Lake St, San Francisco, CA 94118, United States
JCCSF Fitness Center | 3200 California St Suite A, San Francisco, CA 94118, United States
The Grove Preschool at Kol Shofar | 215 Blackfield Dr, Belvedere Tiburon, CA 94920, United States
Chabad of Cole Valley | 1300 Shrader St, San Francisco, CA 94117, United States
Congregation Sherith Israel | 2266 California St, San Francisco, CA 94115, United States
Congregation Beth Sholom | 301 14th Ave, San Francisco, CA 94118, United States
Jewish Family & Children's Services | 2150 Post St, San Francisco, CA 94115, United States
Jewish LearningWorks | 1770 Post St #145, San Francisco, CA 94115, United States
Chabad of Noe Valley | 3781 Cesar Chavez St, San Francisco, CA 94110, United States
Brandeis School of San Francisco | 655 Brotherhood Way, San Francisco, CA 94132, United States
Sha'ar Zahav | 290 Dolores St, San Francisco, CA 94103, United States
JFCS Holocaust Center | 2245 Post St, San Francisco, CA 94115, United States
Jewish Community High School of the Bay | 1835 Ellis St, San Francisco, CA 94115, United States
San Francisco Campus for Jewish Living | 302 Silver Ave, San Francisco, CA 94112, United States
Congregation Keneseth Israel - Chabad | 873 Sutter St, San Francisco, CA 94109, United States
Jewish Community Library | 1835 Ellis St, San Francisco, CA 94115, United States
Or Shalom Jewish Community | 333 Cortland Ave, San Francisco, CA 94110, United States
Gan Mah Tov Preschool | 3778 Park Blvd, Oakland, CA 94610, United States
Bais Menachem Yeshiva Day School | 834 28th Ave, San Francisco, CA 94121, United States
Chabad Student Center of San Francisco | 1710 28th Ave, San Francisco, CA 94122, United States
Caring Hearts Christian Daycare | 120 Tapia Dr, San Francisco, CA 94132, United States
Ark Christian Preschool | 3141 Vicente St, San Francisco, CA 94116, United States
Starlight Two Christian Preschool | 3155 Vicente St, San Francisco, CA 94116, United States
Sunrise Christian Pre School | 2235 Judah St, San Francisco, CA 94122, United States
Ark of Hope Preschool Inc | 3133 Vicente St, San Francisco, CA 94116, United States
Lakeside Presbyterian Center for Children | 201 Eucalyptus Dr, San Francisco, CA 94132, United States
Star Light Christian Preschool | 750 26th Ave, San Francisco, CA 94121, United States
Shining Stars Academy | 2935 24th Ave, San Francisco, CA 94132, United States
CornerstoneSF Church - Mission Campus (Sunday 10:00am at Riordan campus) | 3459 17th St, San Francisco, CA 94110, United States
San Francisco Christian School | 25 Whittier St, San Francisco, CA 94112, United States
Terra Nova Christian Preschool | 1125 Terra Nova Blvd, Pacifica, CA 94044, United States
San Francisco Christian Center | 5845 Mission St, San Francisco, CA 94112, United States
First Baptist Church San Francisco | 22 Waller St, San Francisco, CA 94102, United States
Dolores Park Church | 455 Dolores St, San Francisco, CA 94110, United States
St. Mark's Urban Life Center | 1031 Franklin St suite 207, San Francisco, CA 94109, United States
Experience Church | 449 14th St, San Francisco, CA 94103, United States
The Potters House Christian Fellowship Church | 1696 Valencia St, San Francisco, CA 94110, United States
Support for Families of Children with Disabilities | 832 Folsom St # 1001, San Francisco, CA 94107, United States
Little People Preschool and KG preparatory program | 3595 Taraval St, San Francisco, CA 94116, United States
Childcare Staffing | 201 Spear St #1100, San Francisco, CA 94105, United States
ECE STEP | 935 Howard St, San Francisco, CA 94103, United States
World of Learning & Fun | 2279 17th Ave, San Francisco, CA 94116, United States